low1,low2,high1,high2,tf1,train_final_price,train_n_trades,train_n_buy,train_n_sell,train_final_cash,train_final_position,train_final_equity,train_baseline,train_excess,train_excess_pct,train_max_drawdown,train_turnover,test_final_price,test_n_trades,test_n_buy,test_n_sell,test_final_cash,test_final_position,test_final_equity,test_baseline,test_excess,test_excess_pct,test_max_drawdown,test_turnover
1.2,0.8,1.5,0.3,60,0.831,128,78,50,8560.0,438906.8349510403,373291.57984431443,366200.0,7091.57984431443,1.9365319072404235,0.16615750193589754,1048040.0,0.851,134,82,52,250.0,462736.52743802464,394038.78484975896,370200.0,23838.78484975896,6.439434049097503,0.15854484807421693,1077030.0
1.2,0.8,1.5,0.5,60,0.831,133,79,54,8560.0,439973.68698909134,374178.1338879349,366200.0,7978.133887934906,2.1786274953399523,0.15617583662381568,1120540.0,0.851,146,87,59,300.0,459802.0418741734,391591.53763492155,370200.0,21391.53763492155,5.778373213106848,0.14967688138419846,1191600.0
1.2,0.8,1.2,0.3,60,0.831,163,79,84,239100.0,150000.0,363750.0,366200.0,-2450.0,-0.6690333151283452,0.06120445429300721,1367880.0,0.851,163,88,75,110410.0,330000.0,391240.0,370200.0,21040.0,5.683414370610481,0.13427497258628793,1353810.0
1.2,0.8,1.5,0.8,60,0.831,140,79,61,58240.0,380000.0,374020.0,366200.0,7820.0,2.1354451119606774,0.12908489114726587,1187020.0,0.851,157,88,69,59210.0,390000.0,391100.0,370200.0,20900.0,5.64559697460832,0.1408245165997811,1302610.0
1.2,0.3,2.5,0.8,60,0.831,46,36,10,0.0,451638.2978723404,375311.42553191487,366200.0,9111.425531914865,2.4881009098620606,0.18736632653202415,367180.0,0.851,73,51,22,0.0,458465.76322722476,390154.36450636823,370200.0,19954.364506368234,5.390157889348524,0.16907420421123864,571380.0
1.2,0.3,2.5,0.5,60,0.831,46,36,10,0.0,451531.91489361704,375223.02127659577,366200.0,9023.02127659577,2.4639599335324327,0.18738157947548265,366980.0,0.851,73,51,22,0.0,458077.59531525034,389824.033613278,370200.0,19624.033613278007,5.300927502236091,0.1694169703279542,570760.0
1.2,0.3,2.5,0.3,60,0.831,46,36,10,0.0,451457.44680851063,375161.1382978723,366200.0,8961.138297872327,2.4470612501016733,0.18739226047218976,366840.0,0.851,71,50,21,0.0,458049.4088158615,389800.0469022981,370200.0,19600.046902298112,5.2944481097509755,0.16946902654867257,553540.0
1.2,0.5,1.5,0.3,60,0.831,103,53,50,186160.0,230000.0,377290.0,366200.0,11090.0,3.028399781540142,0.08509863871296498,870440.0,0.851,121,69,52,73100.0,370000.0,387970.0,370200.0,17770.0,4.800108049702864,0.12464168447386251,1004180.0
1.2,0.8,1.2,0.5,60,0.831,167,79,88,272210.0,110000.0,363620.0,366200.0,-2580.0,-0.7045330420535226,0.05796775824299275,1400990.0,0.851,173,88,85,191680.0,230000.0,387410.0,370200.0,17210.0,4.64883846569422,0.12215434419381788,1435080.0
1.2,0.8,1.2,0.8,60,0.831,174,79,95,326160.0,40000.0,359400.0,366200.0,-6800.0,-1.8569087930092845,0.03858081770848152,1454940.0,0.851,190,88,102,335920.0,60000.0,386980.0,370200.0,16780.0,4.532685035116153,0.0844915586965057,1579320.0
1.2,0.5,2.5,0.8,60,0.831,46,36,10,0.0,456134.71502590674,379047.94818652846,366200.0,12847.948186528462,3.5084511705429993,0.18972730615635944,367180.0,0.851,74,52,22,0.0,454144.9087127592,386477.3173145581,370200.0,16277.31731455808,4.396898248124819,0.1796092666732978,571380.0
1.2,0.3,1.5,0.3,60,0.831,99,49,50,220450.0,190000.0,378340.0,366200.0,12140.0,3.315128345166576,0.06898759109710459,836150.0,0.851,113,61,52,139680.0,290000.0,386470.0,370200.0,16270.0,4.394921663965424,0.11330588419242195,937600.0
1.2,0.5,2.5,0.3,60,0.831,46,36,10,0.0,455958.5492227979,378901.55440414505,366200.0,12701.554404145048,3.4684747144033445,0.1897454431778485,366840.0,0.851,72,51,21,0.0,454102.4363225678,386441.17331050517,370200.0,16241.173310505168,4.387134875879299,0.17998881115255944,553540.0
1.2,0.5,2.5,0.5,60,0.831,46,36,10,0.0,456031.08808290155,378961.83419689117,366200.0,12761.83419689117,3.484935608107911,0.18973797339382553,366980.0,0.851,76,54,22,0.0,453747.50652378297,386139.1280517393,370200.0,15939.128051739302,4.305545124726986,0.17993869894008352,570760.0
1.2,0.5,1.2,0.3,60,0.831,124,53,71,342870.0,20000.0,359490.0,366200.0,-6710.0,-1.8323320589841616,0.0477550327980095,1027150.0,0.851,144,69,75,266570.0,140000.0,385710.0,370200.0,15510.0,4.189627228525121,0.1003080779071589,1197650.0
1.2,0.5,1.5,0.5,60,0.831,107,53,54,222410.0,190000.0,380300.0,366200.0,14100.0,3.8503549972692515,0.0700537589482187,906690.0,0.851,128,69,59,130410.0,300000.0,385710.0,370200.0,15510.0,4.189627228525121,0.1157754846779237,1061490.0
1.2,0.5,1.5,0.8,60,0.831,114,53,61,280490.0,120000.0,380210.0,366200.0,14010.0,3.8257782632441293,0.06679857318024747,964770.0,0.851,138,69,69,215370.0,200000.0,385570.0,370200.0,15370.0,4.15180983252296,0.10692135299942669,1146450.0
1.2,0.3,1.2,0.3,60,0.831,117,49,68,350000.0,10000.0,358310.0,366200.0,-7890.0,-2.154560349535773,0.04456287560947953,965700.0,0.851,136,61,75,333150.0,60000.0,384210.0,370200.0,14010.0,3.784440842787682,0.08895096861782674,1131070.0
1.2,0.3,1.5,0.5,60,0.831,103,49,54,256700.0,150000.0,381350.0,366200.0,15150.0,4.137083560895685,0.06696640509369153,872400.0,0.851,120,61,59,196990.0,220000.0,384210.0,370200.0,14010.0,3.784440842787682,0.10444027517198248,994910.0
1.2,0.3,1.5,0.8,60,0.831,110,49,61,314780.0,80000.0,381260.0,366200.0,15060.0,4.112506826870563,0.06370138578453285,930480.0,0.851,130,61,69,281950.0,120000.0,384070.0,370200.0,13870.0,3.7466234467855215,0.09558555271798613,1079870.0
1.5,0.8,2.5,0.3,60,0.831,46,36,10,0.0,438396.4365256125,364307.438752784,366200.0,-1892.5612472160137,-0.5168108266564757,0.16883127982946147,366840.0,0.851,68,47,21,0.0,449617.2136100731,382624.24878217216,370200.0,12424.248782172159,3.3560909730340787,0.14429984383133784,553540.0
1.5,0.8,2.5,0.8,60,0.831,44,34,10,0.0,438585.7461024499,364464.7550111358,366200.0,-1735.2449888641713,-0.47385171733046727,0.16879513810929697,367180.0,0.851,70,48,22,0.0,449513.88587478845,382536.316879445,370200.0,12336.316879444988,3.3323384331293866,0.14390567658311862,571380.0
1.5,0.8,2.5,0.5,60,0.831,46,36,10,0.0,438474.38752783963,364372.2160356347,366200.0,-1827.7839643653133,-0.4991217816398999,0.1688163945458333,366980.0,0.851,70,48,22,0.0,449169.67491117876,382243.3933494131,370200.0,12043.39334941312,3.253212682175343,0.14424778761061946,570760.0
1.2,0.5,1.2,0.5,60,0.831,125,53,72,350250.0,10000.0,358560.0,366200.0,-7640.0,-2.0862916439104313,0.04447527106984118,1034530.0,0.851,154,69,85,347840.0,40000.0,381880.0,370200.0,11680.0,3.1550513236088604,0.08818922305764411,1278920.0
1.5,0.5,2.5,0.8,60,0.831,42,32,10,11600.0,420000.0,360620.0,366200.0,-5580.0,-1.5237575095576188,0.15576805887591993,355580.0,0.851,62,40,22,58450.0,380000.0,381830.0,370200.0,11630.0,3.1415451107509456,0.135550870617631,512930.0
1.5,0.5,2.5,0.5,60,0.831,42,32,10,11500.0,420000.0,360520.0,366200.0,-5680.0,-1.5510649918077553,0.155804576144036,355480.0,0.851,62,40,22,58140.0,380000.0,381520.0,370200.0,11320.0,3.0578065910318744,0.13589276418532015,512620.0
1.5,0.5,2.5,0.3,60,0.831,42,32,10,11430.0,420000.0,360450.0,366200.0,-5750.0,-1.5701802293828508,0.1558301484208305,355410.0,0.851,61,40,21,49530.0,390000.0,381420.0,370200.0,11220.0,3.0307941653160455,0.13594482040603853,504010.0
1.2,0.8,2.5,0.8,60,0.831,51,41,10,0.0,476540.9920528761,396005.56439594005,366200.0,29805.564395940048,8.139149206974345,0.19120443385026376,367180.0,0.851,75,53,22,0.0,447650.64015559945,380950.6947724151,370200.0,10750.694772415096,2.90402343933417,0.1920853554934574,571380.0
1.5,0.3,2.5,0.8,60,0.831,40,30,10,27260.0,400000.0,359660.0,366200.0,-6540.0,-1.7859093391589296,0.14855192681423898,339920.0,0.851,59,37,22,82970.0,350000.0,380820.0,370200.0,10620.0,2.8687196110210698,0.13060565836391558,488410.0
1.2,0.8,2.5,0.5,60,0.831,51,41,10,0.0,476433.40596792643,395916.16035934683,366200.0,29716.16035934683,8.114735215550747,0.19120491279976848,366980.0,0.851,75,53,22,0.0,447265.7162324822,380623.12451384234,370200.0,10423.12451384234,2.815538766570054,0.19220206953767843,570760.0
1.2,0.8,2.5,0.8,21,0.831,29,26,3,0.0,425997.88806758187,354004.2449841605,366200.0,-12195.755015839473,-3.3303536362205004,0.1886871639106653,249200.0,0.851,56,41,15,0.0,447223.22414427676,380586.9637467795,370200.0,10386.963746779482,2.8057708662289254,0.16143451143451143,455500.0
1.2,0.8,2.5,0.5,21,0.831,29,26,3,0.0,426008.44772967265,354013.02006335795,366200.0,-12186.979936642048,-3.327957383026228,0.1886856692771596,249220.0,0.851,54,40,14,-5.684341886080802e-14,447202.1399652979,380569.0211104685,370200.0,10369.021110468486,2.8009241249239563,0.16156444906444906,437200.0
1.5,0.3,2.5,0.5,60,0.831,40,30,10,27160.0,400000.0,359560.0,366200.0,-6640.0,-1.8132168214090663,0.148587142044377,339820.0,0.851,59,37,22,82660.0,350000.0,380510.0,370200.0,10310.0,2.784981091301999,0.13094742321707445,488100.0
1.2,0.8,2.5,0.3,21,0.831,29,26,3,0.0,426019.00739176344,354021.7951425554,366200.0,-12178.204857444623,-3.3255611298319563,0.18868417471224178,249240.0,0.851,54,40,14,0.0,447030.5221094695,380422.97431515856,370200.0,10222.974315158557,2.7614733428305125,0.1615904365904366,436900.0
1.5,0.3,2.5,0.3,60,0.831,40,30,10,27090.0,400000.0,359490.0,366200.0,-6710.0,-1.8323320589841616,0.14861180264124996,339750.0,0.851,58,37,21,74050.0,360000.0,380410.0,370200.0,10210.0,2.7579686655861697,0.1309994794377928,479490.0
1.2,0.8,2.5,0.3,60,0.831,51,41,10,0.0,476357.3111329091,395852.92555144744,366200.0,29652.925551447435,8.09746738160771,0.19120481433501532,366840.0,0.851,73,52,21,0.0,446817.1250013967,380241.37337618857,370200.0,10041.373376188567,2.712418524091995,0.19222725267124652,553540.0
1.5,0.8,1.5,0.3,60,0.831,88,38,50,308640.0,80000.0,375120.0,366200.0,8920.0,2.435827416712179,0.0507789307020272,747960.0,0.851,102,50,52,226610.0,180000.0,379790.0,370200.0,9590.0,2.590491626148028,0.08810653046333455,850670.0
1.5,0.5,1.5,0.3,60,0.831,80,32,48,336180.0,40000.0,369420.0,366200.0,3220.0,0.8793009284543966,0.047768538944510434,680160.0,0.851,92,40,52,311400.0,80000.0,379480.0,370200.0,9280.0,2.5067531064289574,0.07974149163496118,765880.0
1.2,0.5,2.5,0.8,21,0.831,29,26,3,0.0,426465.5172413793,354392.8448275862,366200.0,-11807.155172413797,-3.2242368029529755,0.1836757009516735,249200.0,0.851,56,41,15,0.0,444937.03929911624,378641.4204435479,370200.0,8441.42044354789,2.2802324266742002,0.15374220374220374,455500.0
1.2,0.5,2.5,0.5,21,0.831,29,26,3,0.0,426476.2931034483,354401.7995689655,366200.0,-11798.200431034493,-3.2217914885402763,0.18367390047538829,249220.0,0.851,54,40,14,0.0,444927.395747816,378633.21378139145,370200.0,8433.213781391445,2.2780156081554415,0.15387214137214136,437200.0
1.2,0.5,2.5,0.3,21,0.831,29,26,3,0.0,426487.0689655172,354410.7543103448,366200.0,-11789.245689655188,-3.2193461741275775,0.18367210008214538,249240.0,0.851,54,40,14,0.0,444752.79583174025,378484.62925281096,370200.0,8284.629252810962,2.237879322747424,0.1538981288981289,436900.0
1.5,0.3,1.5,0.3,60,0.831,76,30,46,332860.0,40000.0,366100.0,366200.0,-100.0,-0.027307482250136534,0.04456666572165679,645520.0,0.851,89,37,52,335920.0,50000.0,378470.0,370200.0,8270.0,2.2339276066990816,0.07710950122478762,741360.0
1.5,0.8,1.5,0.5,60,0.831,91,38,53,334780.0,50000.0,376330.0,366200.0,10130.0,2.766247951938831,0.050780366432933724,774100.0,0.851,109,50,59,283920.0,110000.0,377530.0,370200.0,7330.0,1.9800108049702865,0.08184803001876173,907980.0
1.2,0.3,2.5,0.8,21,0.831,29,26,3,0.0,424244.44444444444,352547.1333333333,366200.0,-13652.866666666698,-3.7282541416348165,0.1792581197378064,249200.0,0.851,55,40,15,0.0,442968.5681024447,376966.2514551804,370200.0,6766.251455180405,1.827728648076825,0.14859667359667358,455500.0
1.2,0.3,2.5,0.5,21,0.831,29,26,3,0.0,424255.55555555556,352556.36666666664,366200.0,-13643.63333333336,-3.7257327507737195,0.17925575444920946,249220.0,0.851,54,40,14,0.0,442738.78450994147,376770.7056179602,370200.0,6570.705617960193,1.7749069740573185,0.14872661122661124,437200.0
1.2,0.3,2.5,0.3,21,0.831,29,26,3,-4.547473508864641e-13,424266.6666666667,352565.6,366200.0,-13634.400000000023,-3.7232113599126224,0.17925338927086967,249240.0,0.851,54,40,14,0.0,442571.40984819864,376628.26978081703,370200.0,6428.269780817034,1.7364315993563033,0.14875259875259875,436900.0
1.2,0.3,1.2,0.5,60,0.831,117,49,68,348330.0,10000.0,356640.0,366200.0,-9560.0,-2.610595303113053,0.0412704720274758,964030.0,0.851,138,61,77,341510.0,40000.0,375550.0,370200.0,5350.0,1.4451647757968664,0.07821637426900585,1139430.0
1.2,0.5,1.2,0.8,60,0.831,125,53,72,342460.0,10000.0,350770.0,366200.0,-15430.0,-4.213544511196067,0.03187168922895821,1026740.0,0.851,154,69,85,341180.0,40000.0,375220.0,370200.0,5020.0,1.35602377093463,0.06355189111372857,1272260.0
1.2,0.8,2.5,0.3,10,0.831,14,14,0,82730.0,340000.0,365270.0,366200.0,-930.0,-0.2539595849262698,0.14751915529807513,117270.0,0.851,33,29,4,0.0,440907.0548712206,375211.9036954087,370200.0,5011.9036954087205,1.3538367626711834,0.151481288981289,270420.0
1.5,0.5,1.5,0.5,60,0.831,81,32,49,343980.0,30000.0,368910.0,366200.0,2710.0,0.7400327689787002,0.047769889979353455,687960.0,0.851,96,40,56,341000.0,40000.0,375040.0,370200.0,4840.0,1.3074014046461373,0.07905982905982906,795480.0
1.2,0.8,2.5,0.5,10,0.831,14,14,0,82730.0,340000.0,365270.0,366200.0,-930.0,-0.2539595849262698,0.14751915529807513,117270.0,0.851,33,29,4,0.0,440671.89249720046,375011.78051511757,370200.0,4811.780515117571,1.2997786372548814,0.151481288981289,270000.0
1.2,0.3,2.5,0.3,10,0.831,13,13,0,89680.0,330000.0,363910.0,366200.0,-2290.0,-0.6253413435281266,0.1438931926817208,110320.0,0.851,27,23,4,42900.0,390000.0,374790.0,370200.0,4590.0,1.239870340356564,0.14212577962577963,227520.0
1.2,0.8,2.5,0.8,10,0.831,14,14,0,82730.0,340000.0,365270.0,366200.0,-930.0,-0.2539595849262698,0.14751915529807513,117270.0,0.851,33,29,4,0.0,440403.1354983203,374783.06830907054,370200.0,4583.068309070542,1.2379979224933935,0.151481288981289,269520.0
1.2,0.3,2.5,0.5,10,0.831,13,13,0,89680.0,330000.0,363910.0,366200.0,-2290.0,-0.6253413435281266,0.1438931926817208,110320.0,0.851,27,23,4,42690.0,390000.0,374580.0,370200.0,4380.0,1.1831442463533226,0.14212577962577963,227310.0
1.2,0.5,2.5,0.3,10,0.831,13,13,0,89740.0,330000.0,363970.0,366200.0,-2230.0,-0.6089568541780448,0.14383255244508275,110260.0,0.851,30,26,4,17140.0,420000.0,374560.0,370200.0,4360.0,1.1777417612101568,0.14215176715176714,253280.0
1.2,0.5,2.5,0.5,10,0.831,13,13,0,89740.0,330000.0,363970.0,366200.0,-2230.0,-0.6089568541780448,0.14383255244508275,110260.0,0.851,30,26,4,16930.0,420000.0,374350.0,370200.0,4150.0,1.1210156672069151,0.14215176715176714,253070.0
1.2,0.3,2.5,0.8,10,0.831,13,13,0,89680.0,330000.0,363910.0,366200.0,-2290.0,-0.6253413435281266,0.1438931926817208,110320.0,0.851,27,23,4,42450.0,390000.0,374340.0,370200.0,4140.0,1.1183144246353323,0.14212577962577963,227070.0
1.2,0.3,1.5,0.8,10,0.831,25,13,12,184510.0,210000.0,359020.0,366200.0,-7180.0,-1.9606772255598033,0.09692439343602134,205150.0,0.851,49,23,26,229480.0,170000.0,374150.0,370200.0,3950.0,1.0669908157752568,0.12541580041580042,414100.0
1.2,0.5,2.5,0.8,10,0.831,13,13,0,89740.0,330000.0,363970.0,366200.0,-2230.0,-0.6089568541780448,0.14383255244508275,110260.0,0.851,30,26,4,16690.0,420000.0,374110.0,370200.0,3910.0,1.056185845488925,0.14215176715176714,252830.0
1.2,0.5,1.5,0.8,10,0.831,25,13,12,184570.0,210000.0,359080.0,366200.0,-7120.0,-1.9442927362097215,0.09686430440910006,205090.0,0.851,52,26,26,203720.0,200000.0,373920.0,370200.0,3720.0,1.0048622366288493,0.12544178794178795,439860.0
1.2,0.8,1.5,0.8,10,0.831,26,14,12,177560.0,220000.0,360380.0,366200.0,-5820.0,-1.5892954669579467,0.10119537820368846,212100.0,0.851,59,33,26,144140.0,270000.0,373910.0,370200.0,3710.0,1.0021609940572664,0.13477130977130977,499440.0
1.5,0.5,2.5,0.3,10,0.831,7,7,0,141830.0,270000.0,366200.0,366200.0,0.0,0.0,0.11866570327552986,58170.0,0.851,17,13,4,126920.0,290000.0,373710.0,370200.0,3510.0,0.9481361426256077,0.12406444906444906,143500.0
1.5,0.8,2.5,0.3,10,0.831,7,7,0,141710.0,270000.0,366080.0,366200.0,-120.0,-0.03276897870016384,0.11886983331727527,58290.0,0.851,18,14,4,118400.0,300000.0,373700.0,370200.0,3500.0,0.945434900054025,0.12398648648648648,152020.0
1.5,0.3,2.5,0.3,10,0.831,7,7,0,141790.0,270000.0,366160.0,366200.0,-40.0,-0.010922992900054615,0.11871959150248085,58210.0,0.851,17,13,4,126870.0,290000.0,373660.0,370200.0,3460.0,0.9346299297676931,0.12419438669438669,143550.0
1.5,0.5,2.5,0.8,21,0.831,20,17,3,76150.0,340000.0,358690.0,366200.0,-7510.0,-2.050791916985254,0.14370713756601114,173050.0,0.851,41,26,15,109760.0,310000.0,373570.0,370200.0,3370.0,0.9103187466234468,0.13672037422037422,345740.0
1.5,0.5,2.5,0.5,10,0.831,7,7,0,141830.0,270000.0,366200.0,366200.0,0.0,0.0,0.11866570327552986,58170.0,0.851,17,13,4,126710.0,290000.0,373500.0,370200.0,3300.0,0.8914100486223663,0.12406444906444906,143290.0
1.5,0.8,2.5,0.5,10,0.831,7,7,0,141710.0,270000.0,366080.0,366200.0,-120.0,-0.03276897870016384,0.11886983331727527,58290.0,0.851,18,14,4,118190.0,300000.0,373490.0,370200.0,3290.0,0.8887088060507834,0.12398648648648648,151810.0
1.5,0.3,2.5,0.5,10,0.831,7,7,0,141790.0,270000.0,366160.0,366200.0,-40.0,-0.010922992900054615,0.11871959150248085,58210.0,0.851,17,13,4,126660.0,290000.0,373450.0,370200.0,3250.0,0.8779038357644516,0.12419438669438669,143340.0
1.5,0.8,2.5,0.8,21,0.831,22,19,3,59450.0,360000.0,358610.0,366200.0,-7590.0,-2.072637902785363,0.15162925073411007,189750.0,0.851,43,28,15,92620.0,330000.0,373450.0,370200.0,3250.0,0.8779038357644516,0.13695426195426194,362880.0
1.5,0.5,2.5,0.8,10,0.831,7,7,0,141830.0,270000.0,366200.0,366200.0,0.0,0.0,0.11866570327552986,58170.0,0.851,17,13,4,126470.0,290000.0,373260.0,370200.0,3060.0,0.826580226904376,0.12406444906444906,143050.0
1.5,0.8,2.5,0.8,10,0.831,7,7,0,141710.0,270000.0,366080.0,366200.0,-120.0,-0.03276897870016384,0.11886983331727527,58290.0,0.851,18,14,4,117950.0,300000.0,373250.0,370200.0,3050.0,0.8238789843327932,0.12398648648648648,151570.0
1.5,0.3,2.5,0.8,10,0.831,7,7,0,141790.0,270000.0,366160.0,366200.0,-40.0,-0.010922992900054615,0.11871959150248085,58210.0,0.851,17,13,4,126420.0,290000.0,373210.0,370200.0,3010.0,0.8130740140464613,0.12419438669438669,143100.0
1.2,0.8,1.2,0.3,21,0.831,91,36,55,358160.0,10000.0,366470.0,366200.0,270.0,0.07373020207536865,0.03527427607695166,797160.0,0.851,117,51,66,330590.0,50000.0,373140.0,370200.0,2940.0,0.7941653160453808,0.08742842269651223,980410.0
1.5,0.8,1.5,0.8,60,0.831,91,38,53,325510.0,50000.0,367060.0,366200.0,860.0,0.23484434735117424,0.047466832621425134,764830.0,0.851,113,50,63,313570.0,70000.0,373140.0,370200.0,2940.0,0.7941653160453808,0.07838640746338667,937630.0
1.2,0.3,1.5,0.5,10,0.831,23,13,10,169970.0,230000.0,361100.0,366200.0,-5100.0,-1.3926815947569635,0.1051626661376711,190610.0,0.851,48,23,25,219940.0,180000.0,373120.0,370200.0,2920.0,0.7887628309022151,0.1255197505197505,404560.0
1.5,0.5,1.5,0.8,10,0.831,19,7,12,236660.0,150000.0,361310.0,366200.0,-4890.0,-1.3353358820316767,0.06876724337983137,153000.0,0.851,39,13,26,313500.0,70000.0,373070.0,370200.0,2870.0,0.7752566180443005,0.10735446985446985,330080.0
1.5,0.8,1.5,0.8,10,0.831,19,7,12,236540.0,150000.0,361190.0,366200.0,-5010.0,-1.3681048607318405,0.06898063384821682,153120.0,0.851,40,14,26,304980.0,80000.0,373060.0,370200.0,2860.0,0.7725553754727175,0.10727650727650728,338600.0
1.5,0.3,1.5,0.8,10,0.831,19,7,12,236620.0,150000.0,361270.0,366200.0,-4930.0,-1.3462588749317312,0.06882236146566617,153040.0,0.851,39,13,26,313450.0,70000.0,373020.0,370200.0,2820.0,0.7617504051863857,0.10748440748440749,330130.0
1.5,0.5,2.5,0.5,21,0.831,20,17,3,76160.0,340000.0,358700.0,366200.0,-7500.0,-2.04806116876024,0.1437037037037037,173060.0,0.851,40,26,14,100610.0,320000.0,372930.0,370200.0,2730.0,0.7374392220421394,0.13685031185031185,336590.0
1.2,0.5,1.5,0.5,10,0.831,23,13,10,170030.0,230000.0,361160.0,366200.0,-5040.0,-1.3762971054068813,0.10510264802142219,190550.0,0.851,51,26,25,194180.0,210000.0,372890.0,370200.0,2690.0,0.7266342517558076,0.12554573804573804,430320.0
1.2,0.8,1.5,0.5,10,0.831,24,14,10,163020.0,240000.0,362460.0,366200.0,-3740.0,-1.0212998361551064,0.10930238276735436,197560.0,0.851,58,33,25,134600.0,280000.0,372880.0,370200.0,2680.0,0.7239330091842248,0.13487525987525986,489900.0
1.5,0.5,1.2,0.8,60,0.831,84,32,52,347850.0,0.0,347850.0,366200.0,-18350.0,-5.0109229929000545,0.03145968216597999,691830.0,0.851,97,40,57,347340.0,30000.0,372870.0,370200.0,2670.0,0.7212317666126418,0.053186755660253895,801820.0
1.2,0.3,1.2,0.8,60,0.831,117,49,68,341010.0,10000.0,349320.0,366200.0,-16880.0,-4.609503003823048,0.030753384343731607,956710.0,0.851,138,61,77,338810.0,40000.0,372850.0,370200.0,2650.0,0.715829281469476,0.06135322601753697,1136730.0
1.5,0.8,2.5,0.5,21,0.831,22,19,3,59460.0,360000.0,358620.0,366200.0,-7580.0,-2.0699071545603496,0.15162566009140638,189760.0,0.851,42,28,14,83470.0,340000.0,372810.0,370200.0,2610.0,0.7050243111831442,0.1370841995841996,353730.0
1.5,0.5,2.5,0.3,21,0.831,20,17,3,76170.0,340000.0,358710.0,366200.0,-7490.0,-2.0453304205352265,0.14370027000549568,173070.0,0.851,40,26,14,100460.0,320000.0,372780.0,370200.0,2580.0,0.6969205834683955,0.1368762993762994,336440.0
1.2,0.3,1.5,0.3,10,0.831,23,13,10,169890.0,230000.0,361020.0,366200.0,-5180.0,-1.4145275805570727,0.10529448233106013,190530.0,0.851,48,23,25,219580.0,180000.0,372760.0,370200.0,2560.0,0.6915180983252296,0.12562370062370062,404200.0
1.5,0.8,1.2,0.8,60,0.831,96,38,58,349350.0,0.0,349350.0,366200.0,-16850.0,-4.6013107591480065,0.031135962330782814,788670.0,0.851,114,50,64,321690.0,60000.0,372750.0,370200.0,2550.0,0.6888168557536467,0.05598743619945033,945750.0
1.5,0.8,1.2,0.3,60,0.831,96,38,58,352650.0,0.0,352650.0,366200.0,-13550.0,-3.7001638448935013,0.031135962330782814,791970.0,0.851,114,50,64,321680.0,60000.0,372740.0,370200.0,2540.0,0.6861156131820637,0.07320766539606287,945740.0
1.5,0.3,1.5,0.5,60,0.831,77,30,47,340920.0,30000.0,365850.0,366200.0,-350.0,-0.09557618787547789,0.04456792923565434,653580.0,0.851,90,37,53,338640.0,40000.0,372680.0,370200.0,2480.0,0.6699081577525662,0.0767667292057536,744080.0
1.5,0.8,2.5,0.3,21,0.831,22,19,3,59470.0,360000.0,358630.0,366200.0,-7570.0,-2.067176406335336,0.15162206961875443,189770.0,0.851,42,28,14,83320.0,340000.0,372660.0,370200.0,2460.0,0.6645056726094003,0.1371101871101871,353580.0
1.5,0.3,2.5,0.8,21,0.831,18,15,3,92250.0,320000.0,358170.0,366200.0,-8030.0,-2.192790824685964,0.1354609586393506,156950.0,0.851,40,25,15,117330.0,300000.0,372630.0,370200.0,2430.0,0.6564019448946515,0.13656444906444906,338170.0
1.2,0.8,1.5,0.3,21,0.831,62,36,26,106020.0,300000.0,355320.0,366200.0,-10880.0,-2.9710540688148552,0.11999603400837816,545020.0,0.851,99,51,48,176820.0,230000.0,372550.0,370200.0,2350.0,0.6347920043219881,0.10767829255596044,826640.0
1.2,0.5,1.5,0.3,10,0.831,23,13,10,169950.0,230000.0,361080.0,366200.0,-5120.0,-1.3981430912069908,0.10523444667608917,190470.0,0.851,51,26,25,193820.0,210000.0,372530.0,370200.0,2330.0,0.6293895191788222,0.12564968814968816,429960.0
1.2,0.8,1.5,0.3,10,0.831,24,14,10,162940.0,240000.0,362380.0,366200.0,-3820.0,-1.0431458219552157,0.1094334054692111,197480.0,0.851,58,33,25,134240.0,280000.0,372520.0,370200.0,2320.0,0.6266882766072394,0.13497920997920998,489540.0
1.2,0.8,1.5,0.5,21,0.831,62,36,26,106180.0,300000.0,355480.0,366200.0,-10720.0,-2.927362097214637,0.11990484922070521,545180.0,0.851,99,51,48,176740.0,230000.0,372470.0,370200.0,2270.0,0.6131820637493247,0.10772754483225319,826560.0
1.5,0.5,1.5,0.5,10,0.831,17,7,10,222120.0,170000.0,363390.0,366200.0,-2810.0,-0.7673402512288368,0.07763020899464182,138460.0,0.851,38,13,25,303960.0,80000.0,372040.0,370200.0,1840.0,0.4970286331712588,0.10745841995841995,320540.0
1.5,0.8,1.5,0.5,10,0.831,17,7,10,222000.0,170000.0,363270.0,366200.0,-2930.0,-0.8001092299290006,0.07784126984126984,138580.0,0.851,39,14,25,295440.0,90000.0,372030.0,370200.0,1830.0,0.49432739059967584,0.10738045738045739,329060.0
1.5,0.3,1.5,0.5,10,0.831,17,7,10,222080.0,170000.0,363350.0,366200.0,-2850.0,-0.7782632441288913,0.07768494298702289,138500.0,0.851,38,13,25,303910.0,80000.0,371990.0,370200.0,1790.0,0.48352242031334414,0.1075883575883576,320590.0
1.5,0.3,2.5,0.5,21,0.831,18,15,3,92260.0,320000.0,358180.0,366200.0,-8020.0,-2.1900600764609504,0.1354576860821878,156960.0,0.851,39,25,14,108180.0,310000.0,371990.0,370200.0,1790.0,0.48352242031334414,0.1366943866943867,329020.0
1.2,0.8,1.5,0.8,21,0.831,63,36,27,115900.0,290000.0,356890.0,366200.0,-9310.0,-2.542326597487712,0.11489488445977811,554900.0,0.851,109,51,58,261280.0,130000.0,371910.0,370200.0,1710.0,0.46191247974068067,0.0970706939200625,911100.0
1.5,0.3,2.5,0.3,21,0.831,18,15,3,92270.0,320000.0,358190.0,366200.0,-8010.0,-2.1873293282359367,0.13545441368314248,156970.0,0.851,39,25,14,108030.0,310000.0,371840.0,370200.0,1640.0,0.4430037817396002,0.13672037422037422,328870.0
1.5,0.5,1.5,0.8,60,0.831,81,32,49,336560.0,30000.0,361490.0,366200.0,-4710.0,-1.2861824139814308,0.0444538766270515,680540.0,0.851,96,40,56,337800.0,40000.0,371840.0,370200.0,1640.0,0.4430037817396002,0.07559806118726221,792280.0
1.5,0.5,1.5,0.3,10,0.831,17,7,10,222040.0,170000.0,363310.0,366200.0,-2890.0,-0.789186237028946,0.07776310442909387,138380.0,0.851,38,13,25,303600.0,80000.0,371680.0,370200.0,1480.0,0.3997839005942734,0.10756237006237006,320180.0
1.5,0.8,1.5,0.3,10,0.831,17,7,10,221920.0,170000.0,363190.0,366200.0,-3010.0,-0.8219552157291098,0.07797419485929087,138500.0,0.851,39,14,25,295080.0,90000.0,371670.0,370200.0,1470.0,0.3970826580226904,0.10748440748440749,328700.0
1.5,0.3,1.5,0.3,10,0.831,17,7,10,222000.0,170000.0,363270.0,366200.0,-2930.0,-0.8001092299290006,0.07781784934220552,138420.0,0.851,38,13,25,303550.0,80000.0,371630.0,370200.0,1430.0,0.38627768773635873,0.1076923076923077,320230.0
1.5,0.5,1.2,0.3,60,0.831,84,32,52,349510.0,0.0,349510.0,366200.0,-16690.0,-4.5576187875477885,0.03145968216597999,693490.0,0.851,97,40,57,345950.0,30000.0,371480.0,370200.0,1280.0,0.3457590491626148,0.07041407759385933,800430.0
1.5,0.3,1.2,0.8,60,0.831,80,30,50,346480.0,0.0,346480.0,366200.0,-19720.0,-5.385035499726925,0.030282519128899354,659140.0,0.851,91,37,54,345910.0,30000.0,371440.0,370200.0,1240.0,0.3349540788762831,0.05088339222614841,751350.0
2.5,0.5,2.5,0.3,10,0.831,4,4,0,167490.0,240000.0,366930.0,366200.0,730.0,0.19934462042599674,0.11027806085310816,32510.0,0.851,6,2,4,217730.0,180000.0,370910.0,370200.0,710.0,0.1917882225823879,0.11850311850311851,52690.0
2.5,0.3,2.5,0.3,10,0.831,4,4,0,167400.0,240000.0,366840.0,366200.0,640.0,0.17476788640087385,0.11041009463722397,32600.0,0.851,6,2,4,217700.0,180000.0,370880.0,370200.0,680.0,0.1836844948676391,0.11850311850311851,52720.0
2.5,0.8,2.5,0.3,10,0.831,4,4,0,167470.0,240000.0,366910.0,366200.0,710.0,0.1938831239759694,0.1102402329531667,32530.0,0.851,6,2,4,217660.0,180000.0,370840.0,370200.0,640.0,0.1728795245813074,0.11850311850311851,52760.0
1.2,0.5,1.5,0.3,21,0.831,58,32,26,143970.0,260000.0,360030.0,366200.0,-6170.0,-1.6848716548334242,0.1033322533210378,507070.0,0.851,92,44,48,234580.0,160000.0,370740.0,370200.0,540.0,0.1458670988654781,0.09997397188964081,768880.0
2.5,0.5,2.5,0.8,21,0.831,7,4,3,191830.0,210000.0,366340.0,366200.0,140.0,0.03823047515019115,0.09780198117391947,57370.0,0.851,22,7,15,268620.0,120000.0,370740.0,370200.0,540.0,0.1458670988654781,0.11231808731808732,186880.0
2.5,0.8,2.5,0.8,21,0.831,7,4,3,191890.0,210000.0,366400.0,366200.0,200.0,0.05461496450027307,0.09767636695167928,57310.0,0.851,22,7,15,268620.0,120000.0,370740.0,370200.0,540.0,0.1458670988654781,0.11252598752598753,186880.0
2.5,0.3,2.5,0.8,21,0.831,7,4,3,192030.0,210000.0,366540.0,366200.0,340.0,0.09284543965046423,0.09757599645267774,57170.0,0.851,22,7,15,268590.0,120000.0,370710.0,370200.0,510.0,0.1377633711507293,0.11226611226611227,186910.0
2.5,0.5,2.5,0.5,10,0.831,4,4,0,167490.0,240000.0,366930.0,366200.0,730.0,0.19934462042599674,0.11027806085310816,32510.0,0.851,6,2,4,217520.0,180000.0,370700.0,370200.0,500.0,0.1350621285791464,0.11850311850311851,52480.0
2.5,0.3,2.5,0.5,10,0.831,4,4,0,167400.0,240000.0,366840.0,366200.0,640.0,0.17476788640087385,0.11041009463722397,32600.0,0.851,6,2,4,217490.0,180000.0,370670.0,370200.0,470.0,0.1269584008643976,0.11850311850311851,52510.0
1.2,0.5,1.5,0.5,21,0.831,58,32,26,144130.0,260000.0,360190.0,366200.0,-6010.0,-1.641179683233206,0.10324638114457982,507230.0,0.851,92,44,48,234500.0,160000.0,370660.0,370200.0,460.0,0.1242571582928147,0.10002342468962286,768800.0
2.5,0.8,2.5,0.5,10,0.831,4,4,0,167470.0,240000.0,366910.0,366200.0,710.0,0.1938831239759694,0.1102402329531667,32530.0,0.851,6,2,4,217450.0,180000.0,370630.0,370200.0,430.0,0.11615343057806592,0.11850311850311851,52550.0
1.5,0.3,1.2,0.5,60,0.831,80,30,50,348920.0,0.0,348920.0,366200.0,-17280.0,-4.718732932823594,0.030282519128899354,661580.0,0.851,91,37,54,345080.0,30000.0,370610.0,370200.0,410.0,0.11075094543490005,0.06777360066833751,750520.0
2.5,0.5,2.5,0.8,60,0.831,18,8,10,216210.0,180000.0,365790.0,366200.0,-410.0,-0.1119606772255598,0.08451021634615384,150970.0,0.851,29,7,22,327980.0,50000.0,370530.0,370200.0,330.0,0.08914100486223663,0.08841518960984877,243400.0
1.5,0.3,1.2,0.3,60,0.831,80,30,50,348430.0,0.0,348430.0,366200.0,-17770.0,-4.8525395958492625,0.030282519128899354,661090.0,0.851,91,37,54,344960.0,30000.0,370490.0,370200.0,290.0,0.07833603457590492,0.06811654743877604,750400.0
2.5,0.3,2.5,0.8,60,0.831,17,7,10,223120.0,170000.0,364390.0,366200.0,-1810.0,-0.4942654287274713,0.08032219781329697,144060.0,0.851,29,7,22,327920.0,50000.0,370470.0,370200.0,270.0,0.07293354943273905,0.08841518960984877,243460.0
2.5,0.5,2.5,0.8,10,0.831,4,4,0,167490.0,240000.0,366930.0,366200.0,730.0,0.19934462042599674,0.11027806085310816,32510.0,0.851,6,2,4,217280.0,180000.0,370460.0,370200.0,260.0,0.07023230686115614,0.11850311850311851,52240.0
1.2,0.3,1.2,0.8,21,0.831,78,29,49,353300.0,0.0,353300.0,366200.0,-12900.0,-3.5226652102676135,0.028251912889935255,665900.0,0.851,100,41,59,353410.0,20000.0,370430.0,370200.0,230.0,0.06212857914640735,0.07210962330016152,837810.0
2.5,0.3,2.5,0.8,10,0.831,4,4,0,167400.0,240000.0,366840.0,366200.0,640.0,0.17476788640087385,0.11041009463722397,32600.0,0.851,6,2,4,217250.0,180000.0,370430.0,370200.0,230.0,0.06212857914640735,0.11850311850311851,52270.0
2.5,0.8,2.5,0.8,10,0.831,4,4,0,167470.0,240000.0,366910.0,366200.0,710.0,0.1938831239759694,0.1102402329531667,32530.0,0.851,6,2,4,217210.0,180000.0,370390.0,370200.0,190.0,0.05132360886007563,0.11850311850311851,52310.0
2.5,0.5,1.2,0.8,60,0.831,36,8,28,341600.0,0.0,341600.0,366200.0,-24600.0,-6.717640633533588,0.028251912889935255,276360.0,0.851,34,7,27,370340.0,0.0,370340.0,370200.0,140.0,0.037817396002161,0.04195785891898966,285760.0
2.5,0.3,1.2,0.8,60,0.831,34,7,27,341430.0,0.0,341430.0,366200.0,-24770.0,-6.764063353358821,0.028251912889935255,262370.0,0.851,34,7,27,370280.0,0.0,370280.0,370200.0,80.0,0.021609940572663425,0.04195785891898966,285820.0
2.5,0.5,2.5,0.5,60,0.831,18,8,10,216110.0,180000.0,365690.0,366200.0,-510.0,-0.13926815947569635,0.08453138305865852,150870.0,0.851,29,7,22,327670.0,50000.0,370220.0,370200.0,20.0,0.005402485143165856,0.08875585632483082,243090.0
1.5,0.3,1.5,0.8,60,0.831,77,30,47,333950.0,30000.0,358880.0,366200.0,-7320.0,-1.9989077007099947,0.041242376967805985,646610.0,0.851,90,37,53,336140.0,40000.0,370180.0,370200.0,-20.0,-0.005402485143165856,0.07330484181998229,741580.0
2.5,0.3,2.5,0.5,60,0.831,17,7,10,223020.0,170000.0,364290.0,366200.0,-1910.0,-0.5215729109776078,0.0803424847826636,143960.0,0.851,29,7,22,327610.0,50000.0,370160.0,370200.0,-40.0,-0.010804970286331712,0.08875585632483082,243150.0
1.2,0.3,1.5,0.3,21,0.831,55,29,26,169220.0,230000.0,360350.0,366200.0,-5850.0,-1.5974877116329875,0.09209630656750284,481820.0,0.851,89,41,48,259530.0,130000.0,370160.0,370200.0,-40.0,-0.010804970286331712,0.0948204060385216,743930.0
2.5,0.5,2.5,0.3,60,0.831,18,8,10,216040.0,180000.0,365620.0,366200.0,-580.0,-0.15838339705079194,0.08454620606728626,150800.0,0.851,28,7,21,319060.0,60000.0,370120.0,370200.0,-80.0,-0.021609940572663425,0.08880791254554919,234480.0
2.5,0.5,2.5,0.5,21,0.831,7,4,3,191840.0,210000.0,366350.0,366200.0,150.0,0.0409612233752048,0.09779957124904516,57380.0,0.851,21,7,14,259470.0,130000.0,370100.0,370200.0,-100.0,-0.02701242571582928,0.11244802494802494,177730.0
2.5,0.8,2.5,0.5,21,0.831,7,4,3,191900.0,210000.0,366410.0,366200.0,210.0,0.05734571272528673,0.09767396018135226,57320.0,0.851,21,7,14,259470.0,130000.0,370100.0,370200.0,-100.0,-0.02701242571582928,0.11265592515592515,177730.0
1.2,0.5,1.5,0.8,21,0.831,59,32,27,153850.0,250000.0,361600.0,366200.0,-4600.0,-1.2561441835062808,0.09818063839876214,516950.0,0.851,102,44,58,319040.0,60000.0,370100.0,370200.0,-100.0,-0.02701242571582928,0.08936336414529358,853340.0
1.2,0.3,1.5,0.5,21,0.831,55,29,26,169380.0,230000.0,360510.0,366200.0,-5690.0,-1.5537957400327689,0.09201340759595755,481980.0,0.851,89,41,48,259450.0,130000.0,370080.0,370200.0,-120.0,-0.03241491085899514,0.09486999297259312,743850.0
2.5,0.3,2.5,0.5,21,0.831,7,4,3,192040.0,210000.0,366550.0,366200.0,350.0,0.09557618787547789,0.09757359280699593,57180.0,0.851,21,7,14,259440.0,130000.0,370070.0,370200.0,-130.0,-0.03511615343057807,0.1123960498960499,177760.0
2.5,0.3,2.5,0.3,60,0.831,17,7,10,222950.0,170000.0,364220.0,366200.0,-1980.0,-0.5406881485527034,0.08035669175971304,143890.0,0.851,28,7,21,319000.0,60000.0,370060.0,370200.0,-140.0,-0.037817396002161,0.08880791254554919,234540.0
2.5,0.8,2.5,0.3,21,0.831,7,4,3,191910.0,210000.0,366420.0,366200.0,220.0,0.06007646095030038,0.09767155352962917,57330.0,0.851,21,7,14,259320.0,130000.0,369950.0,370200.0,-250.0,-0.0675310642895732,0.11268191268191269,177580.0
2.5,0.5,2.5,0.3,21,0.831,7,4,3,191850.0,210000.0,366360.0,366200.0,160.0,0.04369197160021846,0.09779716144293317,57390.0,0.851,21,7,14,259320.0,130000.0,369950.0,370200.0,-250.0,-0.0675310642895732,0.11247401247401248,177580.0
2.5,0.3,2.5,0.3,21,0.831,7,4,3,192050.0,210000.0,366560.0,366200.0,360.0,0.09830693610049153,0.09757118927973199,57190.0,0.851,21,7,14,259290.0,130000.0,369920.0,370200.0,-280.0,-0.075634792004322,0.11242203742203742,177610.0
1.2,0.8,1.2,0.5,21,0.831,92,36,56,365570.0,0.0,365570.0,366200.0,-630.0,-0.17203713817586017,0.03521509218236387,804570.0,0.851,117,51,66,327320.0,50000.0,369870.0,370200.0,-330.0,-0.08914100486223663,0.08638504984253403,977140.0
2.5,0.8,1.2,0.8,60,0.831,36,8,28,341590.0,0.0,341590.0,366200.0,-24610.0,-6.720371381758603,0.028251912889935255,276370.0,0.851,37,9,28,361290.0,10000.0,369800.0,370200.0,-400.0,-0.10804970286331712,0.04195785891898966,312290.0
2.5,0.8,2.5,0.8,60,0.831,18,8,10,216200.0,180000.0,365780.0,366200.0,-420.0,-0.11469142545057345,0.08442062557912398,150980.0,0.851,31,9,22,310190.0,70000.0,369760.0,370200.0,-440.0,-0.11885467314964883,0.08841518960984877,261190.0
1.5,0.5,1.2,0.5,60,0.831,84,32,52,349880.0,0.0,349880.0,366200.0,-16320.0,-4.456581103222283,0.03145968216597999,693860.0,0.851,97,40,57,344140.0,30000.0,369670.0,370200.0,-530.0,-0.1431658562938952,0.07007101086048455,798620.0
2.5,0.5,1.2,0.3,60,0.831,36,8,28,344330.0,0.0,344330.0,366200.0,-21870.0,-5.972146368104861,0.028251912889935255,279090.0,0.851,34,7,27,369650.0,0.0,369650.0,370200.0,-550.0,-0.14856834143706105,0.05735992898543157,285070.0
2.5,0.3,1.2,0.3,60,0.831,34,7,27,343940.0,0.0,343940.0,366200.0,-22260.0,-6.078645548880393,0.028251912889935255,264880.0,0.851,34,7,27,369590.0,0.0,369590.0,370200.0,-610.0,-0.16477579686655863,0.05735992898543157,285130.0
2.5,0.5,1.5,0.5,60,0.831,36,8,28,355450.0,0.0,355450.0,366200.0,-10750.0,-2.9355543418896777,0.036120803065835386,290210.0,0.851,34,7,27,369510.0,0.0,369510.0,370200.0,-690.0,-0.18638573743922204,0.06603085261621847,284930.0
2.5,0.5,1.2,0.5,60,0.831,36,8,28,344510.0,0.0,344510.0,366200.0,-21690.0,-5.922992900054615,0.028251912889935255,279270.0,0.851,34,7,27,369490.0,0.0,369490.0,370200.0,-710.0,-0.1917882225823879,0.05701754385964912,284910.0
2.5,0.8,2.5,0.5,60,0.831,18,8,10,216100.0,180000.0,365680.0,366200.0,-520.0,-0.14199890770071,0.08444177250068886,150880.0,0.851,31,9,22,309880.0,70000.0,369450.0,370200.0,-750.0,-0.2025931928687196,0.08875585632483082,260880.0
2.5,0.3,1.5,0.5,60,0.831,34,7,27,353790.0,0.0,353790.0,366200.0,-12410.0,-3.388858547241944,0.03483383858605502,274730.0,0.851,34,7,27,369450.0,0.0,369450.0,370200.0,-750.0,-0.2025931928687196,0.06603085261621847,284990.0
2.5,0.3,1.2,0.5,60,0.831,34,7,27,344270.0,0.0,344270.0,366200.0,-21930.0,-5.9885308574549425,0.028251912889935255,265210.0,0.851,34,7,27,369430.0,0.0,369430.0,370200.0,-770.0,-0.20799567801188545,0.05701754385964912,284970.0
1.2,0.5,1.2,0.8,21,0.831,84,32,52,355880.0,0.0,355880.0,366200.0,-10320.0,-2.8181321682140905,0.028251912889935255,718980.0,0.851,106,44,62,352370.0,20000.0,369390.0,370200.0,-810.0,-0.2188006482982172,0.0759651956442453,886670.0
2.5,0.8,2.5,0.3,60,0.831,18,8,10,216030.0,180000.0,365610.0,366200.0,-590.0,-0.16111414527580556,0.08445658165054867,150810.0,0.851,30,9,21,301270.0,80000.0,369350.0,370200.0,-850.0,-0.2296056185845489,0.08880791254554919,252270.0
1.2,0.8,1.2,0.8,21,0.831,92,36,56,357220.0,0.0,357220.0,366200.0,-8980.0,-2.452211906062261,0.028251912889935255,796220.0,0.851,119,51,68,343760.0,30000.0,369290.0,370200.0,-910.0,-0.24581307401404648,0.07729380503308497,993580.0
2.5,0.5,1.5,0.3,60,0.831,36,8,28,356180.0,0.0,356180.0,366200.0,-10020.0,-2.736209721463681,0.03611977006892213,290940.0,0.851,34,7,27,369170.0,0.0,369170.0,370200.0,-1030.0,-0.2782279848730416,0.06637306509615885,284590.0
2.5,0.3,1.5,0.3,60,0.831,34,7,27,354310.0,0.0,354310.0,366200.0,-11890.0,-3.2468596395412344,0.03483284239425744,275250.0,0.851,34,7,27,369110.0,0.0,369110.0,370200.0,-1090.0,-0.2944354403025392,0.06637306509615885,284650.0
2.5,0.8,1.2,0.3,60,0.831,36,8,28,344320.0,0.0,344320.0,366200.0,-21880.0,-5.974877116329874,0.028251912889935255,279100.0,0.851,37,9,28,360570.0,10000.0,369080.0,370200.0,-1120.0,-0.302539168017288,0.05735992898543157,311570.0
2.5,0.5,1.5,0.8,60,0.831,36,8,28,352300.0,0.0,352300.0,366200.0,-13900.0,-3.7957400327689785,0.03276202466451115,287060.0,0.851,34,7,27,368960.0,0.0,368960.0,370200.0,-1240.0,-0.3349540788762831,0.06256840569135352,284380.0
2.5,0.8,1.2,0.5,60,0.831,36,8,28,344500.0,0.0,344500.0,366200.0,-21700.0,-5.925723648279629,0.028251912889935255,279280.0,0.851,37,9,28,360410.0,10000.0,368920.0,370200.0,-1280.0,-0.3457590491626148,0.05701754385964912,311410.0
2.5,0.3,1.5,0.8,60,0.831,34,7,27,351000.0,0.0,351000.0,366200.0,-15200.0,-4.150737302020754,0.03147443417551289,271940.0,0.851,34,7,27,368900.0,0.0,368900.0,370200.0,-1300.0,-0.3511615343057807,0.06256840569135352,284440.0
2.5,0.8,1.5,0.5,60,0.831,36,8,28,355440.0,0.0,355440.0,366200.0,-10760.0,-2.9382850901146913,0.03640679517245324,290220.0,0.851,37,9,28,360250.0,10000.0,368760.0,370200.0,-1440.0,-0.3889789303079416,0.06603085261621847,311250.0
2.5,0.8,1.5,0.8,60,0.831,36,8,28,352290.0,0.0,352290.0,366200.0,-13910.0,-3.798470780993992,0.033048155884288534,287070.0,0.851,37,9,28,360040.0,10000.0,368550.0,370200.0,-1650.0,-0.44570502431118314,0.06256840569135352,311040.0
1.5,0.8,1.2,0.5,60,0.831,96,38,58,352430.0,0.0,352430.0,366200.0,-13770.0,-3.760240305843801,0.031135962330782814,791750.0,0.851,114,50,64,317440.0,60000.0,368500.0,370200.0,-1700.0,-0.4592112371690978,0.07286445279866333,941500.0
1.2,0.5,1.2,0.3,21,0.831,84,32,52,366580.0,0.0,366580.0,366200.0,380.0,0.10376843255051885,0.03530286138981791,729680.0,0.851,104,44,60,334450.0,40000.0,368490.0,370200.0,-1710.0,-0.46191247974068067,0.08610098906819365,868750.0
2.5,0.8,1.5,0.3,60,0.831,36,8,28,356170.0,0.0,356170.0,366200.0,-10030.0,-2.7389404696886945,0.03640575399662539,290950.0,0.851,37,9,28,359940.0,10000.0,368450.0,370200.0,-1750.0,-0.4727174500270125,0.06637306509615885,310940.0
1.5,0.5,1.2,0.8,21,0.831,54,17,37,349700.0,0.0,349700.0,366200.0,-16500.0,-4.505734571272528,0.028251912889935255,446600.0,0.851,71,26,45,359840.0,10000.0,368350.0,370200.0,-1850.0,-0.49972987574284167,0.06945240452248215,595820.0
1.5,0.8,1.2,0.8,21,0.831,58,19,39,351260.0,0.0,351260.0,366200.0,-14940.0,-4.0797378481703985,0.028251912889935255,481560.0,0.851,74,28,46,351180.0,20000.0,368200.0,370200.0,-2000.0,-0.5402485143165856,0.06958266034491742,621440.0
1.5,0.3,1.2,0.8,21,0.831,50,15,35,348170.0,0.0,348170.0,366200.0,-18030.0,-4.923539049699618,0.028251912889935255,412870.0,0.851,69,25,44,359630.0,10000.0,368140.0,370200.0,-2060.0,-0.5564559697460832,0.0693221487000469,580470.0
1.2,0.3,1.5,0.8,21,0.831,56,29,27,179100.0,220000.0,361920.0,366200.0,-4280.0,-1.1687602403058437,0.08686980889146954,491700.0,0.851,96,41,55,316680.0,60000.0,367740.0,370200.0,-2460.0,-0.6645056726094003,0.08517120166644968,801080.0
2.5,0.5,1.2,0.3,21,0.831,28,4,24,351990.0,0.0,351990.0,366200.0,-14210.0,-3.8803932277444018,0.034473887316696684,217530.0,0.851,33,7,26,358820.0,10000.0,367330.0,370200.0,-2870.0,-0.7752566180443005,0.07071837584591359,277080.0
2.5,0.8,1.2,0.3,21,0.831,28,4,24,352050.0,0.0,352050.0,366200.0,-14150.0,-3.86400873839432,0.034473887316696684,217470.0,0.851,33,7,26,358820.0,10000.0,367330.0,370200.0,-2870.0,-0.7752566180443005,0.07092660072878709,277080.0
2.5,0.3,1.2,0.3,21,0.831,28,4,24,352190.0,0.0,352190.0,366200.0,-14010.0,-3.8257782632441293,0.03404510762370294,217330.0,0.851,33,7,26,358790.0,10000.0,367300.0,370200.0,-2900.0,-0.7833603457590491,0.0706663196251952,277110.0
1.2,0.3,1.2,0.3,21,0.831,78,29,49,363310.0,0.0,363310.0,366200.0,-2890.0,-0.789186237028946,0.03404510762370294,675910.0,0.851,98,41,57,333240.0,40000.0,367280.0,370200.0,-2920.0,-0.7887628309022151,0.08224882873503384,817640.0
2.5,0.5,1.5,0.8,10,0.831,16,4,12,262320.0,120000.0,362040.0,366200.0,-4160.0,-1.13599126160568,0.059386126777035635,127340.0,0.851,23,2,21,358500.0,10000.0,367010.0,370200.0,-3190.0,-0.8616963803349541,0.1017931392931393,193460.0
2.5,0.3,1.5,0.8,10,0.831,16,4,12,262230.0,120000.0,361950.0,366200.0,-4250.0,-1.1605679956308028,0.05952226236581499,127430.0,0.851,23,2,21,358470.0,10000.0,366980.0,370200.0,-3220.0,-0.8698001080497028,0.1017931392931393,193490.0
2.5,0.8,1.2,0.8,21,0.831,28,4,24,346300.0,0.0,346300.0,366200.0,-19900.0,-5.434188967777171,0.028251912889935255,211720.0,0.851,34,7,27,366940.0,0.0,366940.0,370200.0,-3260.0,-0.8806050783360346,0.06077736674829365,285200.0
2.5,0.8,1.5,0.8,10,0.831,16,4,12,262300.0,120000.0,362020.0,366200.0,-4180.0,-1.1414527580557072,0.05934031658565747,127360.0,0.851,23,2,21,358430.0,10000.0,366940.0,370200.0,-3260.0,-0.8806050783360346,0.1017931392931393,193530.0
2.5,0.5,1.2,0.8,21,0.831,28,4,24,346240.0,0.0,346240.0,366200.0,-19960.0,-5.450573457127253,0.028251912889935255,211780.0,0.851,34,7,27,366940.0,0.0,366940.0,370200.0,-3260.0,-0.8806050783360346,0.06056895743239723,285200.0
2.5,0.3,1.2,0.8,21,0.831,28,4,24,346440.0,0.0,346440.0,366200.0,-19760.0,-5.3959584926269795,0.028251912889935255,211580.0,0.851,34,7,27,366910.0,0.0,366910.0,370200.0,-3290.0,-0.8887088060507834,0.060516855103423126,285230.0
2.5,0.5,1.5,0.5,10,0.831,14,4,10,247780.0,140000.0,364120.0,366200.0,-2080.0,-0.56799563080284,0.06846159752258593,112800.0,0.851,23,2,21,358340.0,10000.0,366850.0,370200.0,-3350.0,-0.9049162614802809,0.1018970893970894,193300.0
1.2,0.8,1.2,0.3,10,0.831,37,14,23,276730.0,110000.0,368140.0,366200.0,1940.0,0.5297651556526488,0.053031082750102924,311270.0,0.851,81,33,48,324280.0,50000.0,366830.0,370200.0,-3370.0,-0.9103187466234468,0.09569987520798669,679580.0
2.5,0.3,1.5,0.5,10,0.831,14,4,10,247690.0,140000.0,364030.0,366200.0,-2170.0,-0.5925723648279628,0.06859658552816811,112890.0,0.851,23,2,21,358310.0,10000.0,366820.0,370200.0,-3380.0,-0.9130199891950297,0.1018970893970894,193330.0
2.5,0.8,1.5,0.5,10,0.831,14,4,10,247760.0,140000.0,364100.0,366200.0,-2100.0,-0.5734571272528673,0.06841741534208708,112820.0,0.851,23,2,21,358270.0,10000.0,366780.0,370200.0,-3420.0,-0.9238249594813613,0.1018970893970894,193370.0
1.2,0.5,1.2,0.5,21,0.831,84,32,52,364330.0,0.0,364330.0,366200.0,-1870.0,-0.5106499180775532,0.035243675861083325,727430.0,0.851,104,44,60,332640.0,40000.0,366680.0,370200.0,-3520.0,-0.9508373851971906,0.08505765076390516,866940.0
2.5,0.5,1.5,0.3,10,0.831,14,4,10,247700.0,140000.0,364040.0,366200.0,-2160.0,-0.5898416166029492,0.0685948297926798,112720.0,0.851,23,2,21,357980.0,10000.0,366490.0,370200.0,-3710.0,-1.0021609940572664,0.1020010395010395,192940.0
2.5,0.3,1.5,0.3,10,0.831,14,4,10,247610.0,140000.0,363950.0,366200.0,-2250.0,-0.614418350628072,0.06872984180617417,112810.0,0.851,23,2,21,357950.0,10000.0,366460.0,370200.0,-3740.0,-1.010264721772015,0.1020010395010395,192970.0
1.5,0.5,1.2,0.5,21,0.831,54,17,37,355820.0,0.0,355820.0,366200.0,-10380.0,-2.8345166575641727,0.035243675861083325,452720.0,0.851,70,26,44,349430.0,20000.0,366450.0,370200.0,-3750.0,-1.012965964343598,0.07855079253533225,585410.0
2.5,0.8,1.5,0.3,10,0.831,14,4,10,247680.0,140000.0,364020.0,366200.0,-2180.0,-0.5953031130529765,0.06855065786105564,112740.0,0.851,23,2,21,357910.0,10000.0,366420.0,370200.0,-3780.0,-1.0210696920583469,0.1020010395010395,193010.0
1.5,0.8,1.2,0.5,21,0.831,58,19,39,358410.0,0.0,358410.0,366200.0,-7790.0,-2.127252867285636,0.036444190367300275,488710.0,0.851,73,28,45,340770.0,30000.0,366300.0,370200.0,-3900.0,-1.053484602917342,0.0786809296999037,611030.0
1.5,0.5,1.2,0.3,21,0.831,54,17,37,357070.0,0.0,357070.0,366200.0,-9130.0,-2.4931731294374657,0.03530286138981791,453970.0,0.851,70,26,44,349260.0,20000.0,366280.0,370200.0,-3920.0,-1.058887088060508,0.07959396147839667,585240.0
1.2,0.3,1.2,0.5,21,0.831,78,29,49,361930.0,0.0,361930.0,366200.0,-4270.0,-1.16602949208083,0.033985993997427466,674530.0,0.851,98,41,57,332090.0,40000.0,366130.0,370200.0,-4070.0,-1.0994057266342516,0.08120559069259,816490.0
1.5,0.8,1.2,0.3,21,0.831,58,19,39,359900.0,0.0,359900.0,366200.0,-6300.0,-1.720371381758602,0.03650344453020038,490200.0,0.851,73,28,45,340580.0,30000.0,366110.0,370200.0,-4090.0,-1.1048082117774176,0.0797241020301926,610840.0
1.5,0.3,1.2,0.5,21,0.831,50,15,35,353250.0,0.0,353250.0,366200.0,-12950.0,-3.5363189513926816,0.033985993997427466,417950.0,0.851,68,25,43,348890.0,20000.0,365910.0,370200.0,-4290.0,-1.1588330632090762,0.07842065537076078,569730.0
1.2,0.5,1.2,0.3,10,0.831,36,13,23,283740.0,100000.0,366840.0,366200.0,640.0,0.17476788640087385,0.05065479902488803,304260.0,0.851,69,26,43,340340.0,30000.0,365870.0,370200.0,-4330.0,-1.169638033495408,0.08855033277870217,576480.0
1.5,0.3,1.2,0.3,21,0.831,50,15,35,354600.0,0.0,354600.0,366200.0,-11600.0,-3.1676679410158384,0.03404510762370294,419300.0,0.851,68,25,43,348720.0,20000.0,365740.0,370200.0,-4460.0,-1.204754186925986,0.07946382092660073,569560.0
1.2,0.3,1.2,0.3,10,0.831,36,13,23,283680.0,100000.0,366780.0,366200.0,580.0,0.15838339705079194,0.05071149158115539,304320.0,0.851,64,23,41,348670.0,20000.0,365690.0,370200.0,-4510.0,-1.2182603997839005,0.08852433444259568,533290.0
2.5,0.8,1.2,0.5,21,0.831,28,4,24,350910.0,0.0,350910.0,366200.0,-15290.0,-4.175314036045877,0.03441474917821924,216330.0,0.851,33,7,26,357000.0,10000.0,365510.0,370200.0,-4690.0,-1.2668827660723934,0.06988365737487312,275260.0
2.5,0.5,1.2,0.5,21,0.831,28,4,24,350850.0,0.0,350850.0,366200.0,-15350.0,-4.191698525395958,0.03441474917821924,216390.0,0.851,33,7,26,357000.0,10000.0,365510.0,370200.0,-4690.0,-1.2668827660723934,0.06967543791155878,275260.0
2.5,0.5,1.5,0.8,21,0.831,28,4,24,373110.0,0.0,373110.0,366200.0,6910.0,1.8869470234844348,0.05198265355290383,238650.0,0.851,33,7,26,356970.0,10000.0,365480.0,370200.0,-4720.0,-1.274986493787142,0.07363624528056242,275230.0
2.5,0.8,1.5,0.8,21,0.831,28,4,24,373170.0,0.0,373170.0,366200.0,6970.0,1.9033315128345167,0.05198265355290383,238590.0,0.851,33,7,26,356970.0,10000.0,365480.0,370200.0,-4720.0,-1.274986493787142,0.07384455149069132,275230.0
2.5,0.3,1.2,0.5,21,0.831,28,4,24,351050.0,0.0,351050.0,366200.0,-15150.0,-4.137083560895685,0.033985993997427466,216190.0,0.851,33,7,26,356970.0,10000.0,365480.0,370200.0,-4720.0,-1.274986493787142,0.0696233830457302,275290.0
2.5,0.3,1.5,0.8,21,0.831,28,4,24,373310.0,0.0,373310.0,366200.0,7110.0,1.941561987984708,0.05155749553584082,238450.0,0.851,33,7,26,356940.0,10000.0,365450.0,370200.0,-4750.0,-1.283090221501891,0.07358416872803021,275260.0
1.5,0.8,1.5,0.3,21,0.831,45,19,26,260370.0,130000.0,368400.0,366200.0,2200.0,0.6007646095030038,0.05547576301615799,390670.0,0.851,73,28,45,339480.0,30000.0,365010.0,370200.0,-5190.0,-1.4019448946515398,0.08716814159292036,609740.0
1.5,0.8,1.5,0.5,21,0.831,45,19,26,260530.0,130000.0,368560.0,366200.0,2360.0,0.6444565811032222,0.05540457388985745,390830.0,0.851,73,28,45,339370.0,30000.0,364900.0,370200.0,-5300.0,-1.431658562938952,0.0871138179641342,609630.0
1.5,0.5,1.2,0.8,10,0.831,33,7,26,359950.0,10000.0,368260.0,366200.0,2060.0,0.5625341343528126,0.047213951509995744,276290.0,0.851,45,13,32,356290.0,10000.0,364800.0,370200.0,-5400.0,-1.4586709886547813,0.0750760906323977,372870.0
2.5,0.5,1.2,0.8,10,0.831,28,4,24,367140.0,0.0,367140.0,366200.0,940.0,0.2566903331512835,0.047213951509995744,232160.0,0.851,24,2,22,364780.0,0.0,364780.0,370200.0,-5420.0,-1.464073473797947,0.07450378502120132,199740.0
1.5,0.3,1.2,0.8,10,0.831,33,7,26,359910.0,10000.0,368220.0,366200.0,2020.0,0.551611141452758,0.047270664965263005,276330.0,0.851,45,13,32,356240.0,10000.0,364750.0,370200.0,-5450.0,-1.4721772015126957,0.07515413230665176,372920.0
2.5,0.3,1.2,0.8,10,0.831,28,4,24,367050.0,0.0,367050.0,366200.0,850.0,0.23211359912616056,0.047270664965263005,232250.0,0.851,24,2,22,364750.0,0.0,364750.0,370200.0,-5450.0,-1.4721772015126957,0.07450378502120132,199770.0
1.5,0.5,1.5,0.5,21,0.831,43,17,26,277230.0,110000.0,368640.0,366200.0,2440.0,0.6663025669033316,0.0528344671201814,374130.0,0.851,70,26,44,347730.0,20000.0,364750.0,370200.0,-5450.0,-1.4721772015126957,0.08698368079956274,583710.0
2.5,0.8,1.2,0.8,10,0.831,28,4,24,367120.0,0.0,367120.0,366200.0,920.0,0.2512288367012562,0.047327378420530274,232180.0,0.851,24,2,22,364710.0,0.0,364710.0,370200.0,-5490.0,-1.4829821717990275,0.07450378502120132,199810.0
1.2,0.8,1.2,0.5,10,0.831,37,14,23,277020.0,110000.0,368430.0,366200.0,2230.0,0.6089568541780448,0.05265053113506006,311560.0,0.851,81,33,48,322120.0,50000.0,364670.0,370200.0,-5530.0,-1.4937871420853592,0.08833857919517207,677420.0
1.5,0.8,1.2,0.8,10,0.831,33,7,26,359830.0,10000.0,368140.0,366200.0,1940.0,0.5297651556526488,0.047327378420530274,276410.0,0.851,47,14,33,356160.0,10000.0,364670.0,370200.0,-5530.0,-1.4937871420853592,0.0750760906323977,389780.0
1.5,0.5,1.5,0.3,21,0.831,43,17,26,277070.0,110000.0,368480.0,366200.0,2280.0,0.622610595303113,0.0528449522297508,373970.0,0.851,70,26,44,347570.0,20000.0,364590.0,370200.0,-5610.0,-1.5153970826580228,0.08703800104112441,583550.0
1.2,0.5,1.2,0.5,10,0.831,36,13,23,284030.0,100000.0,367130.0,366200.0,930.0,0.2539595849262698,0.05059093614488564,304550.0,0.851,69,26,43,338550.0,30000.0,364080.0,370200.0,-6120.0,-1.653160453808752,0.08394246026584815,574690.0
1.5,0.5,1.2,0.5,10,0.831,30,7,23,336120.0,40000.0,369360.0,366200.0,3160.0,0.8629164391043146,0.05059093614488564,252460.0,0.851,45,13,32,355360.0,10000.0,363870.0,370200.0,-6330.0,-1.7098865478119933,0.07650287438545379,371940.0
1.2,0.3,1.2,0.5,10,0.831,36,13,23,283970.0,100000.0,367070.0,366200.0,870.0,0.2375750955761879,0.050647620667176825,304610.0,0.851,64,23,41,346840.0,20000.0,363860.0,370200.0,-6340.0,-1.7125877903835764,0.08391644772780481,531460.0
1.5,0.3,1.2,0.5,10,0.831,30,7,23,336080.0,40000.0,369320.0,366200.0,3120.0,0.85199344620426,0.050647620667176825,252500.0,0.851,45,13,32,355310.0,10000.0,363820.0,370200.0,-6380.0,-1.7233927606699082,0.0765809119995838,371990.0
1.5,0.8,1.2,0.5,10,0.831,30,7,23,336000.0,40000.0,369240.0,366200.0,3040.0,0.8301474604041508,0.050704305189468016,252580.0,0.851,47,14,33,355160.0,10000.0,363670.0,370200.0,-6530.0,-1.763911399243652,0.07650287438545379,388780.0
2.5,0.5,1.2,0.5,10,0.831,27,4,23,361780.0,10000.0,370090.0,366200.0,3890.0,1.0622610595303112,0.05059093614488564,226800.0,0.851,24,2,22,363450.0,0.0,363450.0,370200.0,-6750.0,-1.8233387358184763,0.07593059854850037,198410.0
2.5,0.3,1.2,0.5,10,0.831,27,4,23,361690.0,10000.0,370000.0,366200.0,3800.0,1.0376843255051884,0.050647620667176825,226890.0,0.851,24,2,22,363420.0,0.0,363420.0,370200.0,-6780.0,-1.8314424635332252,0.07593059854850037,198440.0
1.5,0.8,1.2,0.3,10,0.831,30,7,23,335710.0,40000.0,368950.0,366200.0,2750.0,0.7509557618787548,0.050768184137422755,252290.0,0.851,47,14,33,354900.0,10000.0,363410.0,370200.0,-6790.0,-1.8341437061048083,0.08111480865224625,388520.0
1.5,0.3,1.5,0.5,21,0.831,41,15,26,293330.0,90000.0,368120.0,366200.0,1920.0,0.5243036592026215,0.051587301587301584,358030.0,0.851,68,25,43,346380.0,20000.0,363400.0,370200.0,-6800.0,-1.8368449486763911,0.08685354363499129,567220.0
1.5,0.5,1.2,0.3,10,0.831,30,7,23,335830.0,40000.0,369070.0,366200.0,2870.0,0.7837247405789185,0.05065479902488803,252170.0,0.851,45,13,32,354890.0,10000.0,363400.0,370200.0,-6800.0,-1.8368449486763911,0.08111480865224625,371470.0
2.5,0.8,1.2,0.5,10,0.831,27,4,23,361760.0,10000.0,370070.0,366200.0,3870.0,1.056799563080284,0.050704305189468016,226820.0,0.851,24,2,22,363380.0,0.0,363380.0,370200.0,-6820.0,-1.842247433819557,0.07593059854850037,198480.0
1.5,0.3,1.2,0.3,10,0.831,30,7,23,335790.0,40000.0,369030.0,366200.0,2830.0,0.772801747678864,0.05071149158115539,252210.0,0.851,45,13,32,354840.0,10000.0,363350.0,370200.0,-6850.0,-1.8503511615343058,0.08119280366056572,371520.0
1.5,0.3,1.5,0.3,21,0.831,41,15,26,293170.0,90000.0,367960.0,366200.0,1760.0,0.480611687602403,0.05159753919428458,357870.0,0.851,68,25,43,346230.0,20000.0,363250.0,370200.0,-6950.0,-1.8773635872501349,0.08690786048932847,567070.0
2.5,0.5,1.5,0.3,21,0.831,28,4,24,373380.0,0.0,373380.0,366200.0,7180.0,1.9606772255598033,0.05202279363819352,238920.0,0.851,33,7,26,354300.0,10000.0,362810.0,370200.0,-7390.0,-1.996218260399784,0.07816241540864133,272560.0
2.5,0.8,1.5,0.3,21,0.831,28,4,24,373440.0,0.0,373440.0,366200.0,7240.0,1.9770617149098852,0.05202279363819352,238860.0,0.851,33,7,26,354300.0,10000.0,362810.0,370200.0,-7390.0,-1.996218260399784,0.07837064029151483,272560.0
2.5,0.3,1.5,0.3,21,0.831,28,4,24,373580.0,0.0,373580.0,366200.0,7380.0,2.0152921900600766,0.05159753919428458,238720.0,0.851,33,7,26,354270.0,10000.0,362780.0,370200.0,-7420.0,-2.004321988114533,0.07811035918792296,272590.0
2.5,0.5,1.5,0.5,21,0.831,28,4,24,373540.0,0.0,373540.0,366200.0,7340.0,2.004369197160022,0.052012471655328796,239080.0,0.851,33,7,26,354230.0,10000.0,362740.0,370200.0,-7460.0,-2.0151269584008644,0.07810832617578928,272490.0
2.5,0.8,1.5,0.5,21,0.831,28,4,24,373600.0,0.0,373600.0,366200.0,7400.0,2.020753686510104,0.052012471655328796,239020.0,0.851,33,7,26,354230.0,10000.0,362740.0,370200.0,-7460.0,-2.0151269584008644,0.07831654563910362,272490.0
2.5,0.3,1.5,0.5,21,0.831,28,4,24,373740.0,0.0,373740.0,366200.0,7540.0,2.058984161660295,0.051587301587301584,238880.0,0.851,33,7,26,354200.0,10000.0,362710.0,370200.0,-7490.0,-2.023230686115613,0.07805627130996069,272520.0
1.5,0.5,1.5,0.8,21,0.831,44,17,27,286950.0,100000.0,370050.0,366200.0,3850.0,1.0513380666302565,0.052804625719225645,383850.0,0.851,70,26,44,345630.0,20000.0,362650.0,370200.0,-7550.0,-2.039438141545111,0.08251529748730634,581610.0
1.5,0.8,1.5,0.8,21,0.831,46,19,27,270250.0,120000.0,369970.0,366200.0,3770.0,1.0294920808301475,0.05399506816700207,400550.0,0.851,73,28,45,337030.0,30000.0,362560.0,370200.0,-7640.0,-2.0637493246893572,0.0826454888686369,607290.0
2.5,0.5,1.2,0.3,10,0.831,27,4,23,361490.0,10000.0,369800.0,366200.0,3600.0,0.9830693610049154,0.05065479902488803,226510.0,0.851,24,2,22,361800.0,0.0,361800.0,370200.0,-8400.0,-2.2690437601296596,0.08054284525790349,196760.0
2.5,0.3,1.2,0.3,10,0.831,27,4,23,361400.0,10000.0,369710.0,366200.0,3510.0,0.9584926269797924,0.05071149158115539,226600.0,0.851,24,2,22,361770.0,0.0,361770.0,370200.0,-8430.0,-2.2771474878444087,0.08054284525790349,196790.0
1.5,0.3,1.5,0.8,21,0.831,42,15,27,303050.0,80000.0,369530.0,366200.0,3330.0,0.9093391589295468,0.05155749553584082,367750.0,0.851,68,25,43,344740.0,20000.0,361760.0,370200.0,-8440.0,-2.2798487304159916,0.08238510610597578,565580.0
2.5,0.8,1.2,0.3,10,0.831,27,4,23,361470.0,10000.0,369780.0,366200.0,3580.0,0.977607864554888,0.050768184137422755,226530.0,0.851,24,2,22,361730.0,0.0,361730.0,370200.0,-8470.0,-2.2879524581307398,0.08054284525790349,196830.0
1.2,0.5,1.2,0.8,10,0.831,39,13,26,307860.0,70000.0,366030.0,366200.0,-170.0,-0.04642271982523211,0.047213951509995744,328380.0,0.851,69,26,43,335740.0,30000.0,361270.0,370200.0,-8930.0,-2.4122096164235547,0.08251606357795063,571880.0
1.2,0.3,1.2,0.8,10,0.831,39,13,26,307800.0,70000.0,365970.0,366200.0,-230.0,-0.06280720917531404,0.047270664965263005,328440.0,0.851,64,23,41,343870.0,20000.0,360890.0,370200.0,-9310.0,-2.514856834143706,0.0824900496865326,528490.0
1.2,0.8,1.2,0.8,10,0.831,40,14,26,300850.0,80000.0,367330.0,366200.0,1130.0,0.3085745494265429,0.048773571529845454,335390.0,0.851,81,33,48,318070.0,50000.0,360620.0,370200.0,-9580.0,-2.5877903835764453,0.08647017507348924,673370.0
